{
  "mae": 3611.547115530302,
  "rmse": 4465.765250449883,
  "mape": 3.41606879731306,
  "y_true": [
    117519.27,
    118299.21,
    120138.99,
    118000.69999999998,
    117884.29,
    117884.28,
    117453.46000000002,
    119308.0,
    118944.89000000001,
    117099.99999999999,
    117266.98000000001,
    118150.38,
    119494.04,
    117919.48999999999,
    118021.87,
    118172.36000000002,
    115760.31000000001,
    113751.50000000001,
    113368.0,
    114811.96,
    114664.82999999999,
    113679.97,
    114769.7,
    116788.73999999999,
    116506.38,
    116734.75,
    121459.82999999999,
    118968.74,
    119274.58999999998,
    123568.65,
    118749.03,
    117666.79000000001,
    117407.92,
    115802.33,
    115760.0,
    112962.00999999998,
    114665.14,
    112840.09,
    116425.33,
    115601.93,
    113199.99,
    109856.00999999998,
    111295.21,
    111652.47,
    111472.81999999999,
    107912.97,
    109439.43,
    107949.22,
    109326.00999999998,
    110961.93000000001,
    111844.46,
    111053.72000000002,
    110187.97000000002,
    111137.34000000001,
    112065.23,
    111546.39,
    113960.0,
    115482.69,
    116029.42,
    115918.29,
    115268.00999999998,
    115349.71000000002,
    116788.96,
    116447.58999999998,
    117073.53000000001,
    115632.37999999999,
    115685.62999999999,
    115232.28999999998,
    112650.99,
    111998.8,
    113307.0,
    108994.49,
    109643.46,
    109635.85,
    112163.95,
    114311.96000000002,
    113065.07999999999,
    114289.52,
    118592.06000000001,
    120221.90999999999,
    122091.01,
    122244.41,
    123584.94999999998,
    125046.94,
    121832.92000000001,
    122700.8,
    121786.26,
    112143.65,
    110039.84,
    115283.64999999998,
    114711.0,
    112726.98,
    111005.02000000002,
    108980.44,
    106951.59,
    106939.99,
    108016.9,
    110152.11,
    108051.58,
    108315.03,
    110550.48,
    110876.15,
    111730.75,
    115028.71999999999,
    114246.57,
    112321.56999999999,
    110556.01,
    109769.70999999999,
    109732.33,
    110008.49,
    109807.89000000001,
    106590.18,
    99887.41,
    103073.39,
    101792.38,
    102987.19,
    101937.71,
    106291.42,
    106899.99,
    103250.73,
    102200.28,
    98834.01,
    95127.0,
    95373.46,
    95018.68,
    92093.99,
    91965.44,
    92213.11,
    87166.96,
    84681.63,
    85455.47,
    86650.89,
    88154.99,
    87534.38,
    90653.52,
    90884.82,
    91042.63,
    90929.44,
    87305.65,
    86707.08,
    91768.39,
    93397.1,
    92449.92,
    89382.0,
    89459.22,
    90762.3,
    90544.55,
    92375.89,
    90850.0,
    92016.99,
    90323.0,
    90415.9,
    88752.91,
    85987.82,
    87744.28,
    85921.72,
    85367.99,
    88114.17,
    88293.72,
    89066.97,
    88587.53,
    87686.45,
    87665.0,
    87332.71,
    87343.24
  ],
  "predictions": [
    111216.0703125,
    111867.6328125,
    112467.9765625,
    113146.984375,
    113527.15625,
    113793.75,
    113969.6328125,
    114072.4921875,
    114291.203125,
    114427.1015625,
    114360.7734375,
    114289.6953125,
    114290.28125,
    114420.6015625,
    114411.890625,
    114404.765625,
    114399.1328125,
    114168.4296875,
    113757.71875,
    113321.1484375,
    113053.1171875,
    112776.1640625,
    112432.375,
    112222.109375,
    112202.21875,
    112192.7734375,
    112246.1015625,
    112774.0,
    113074.234375,
    113402.59375,
    114101.890625,
    114317.921875,
    114416.3828125,
    114445.1171875,
    114293.6796875,
    114126.25,
    113698.234375,
    113438.3203125,
    112994.9140625,
    112910.125,
    112778.5859375,
    112471.0390625,
    111889.8828125,
    111475.796875,
    111130.3515625,
    110830.8046875,
    110265.7578125,
    109875.609375,
    109398.71875,
    109124.015625,
    109062.6875,
    109143.1875,
    109189.390625,
    109199.359375,
    109307.6015625,
    109495.171875,
    109609.96875,
    109938.1328125,
    110402.96875,
    110893.4453125,
    111355.328125,
    111720.3671875,
    112040.0390625,
    112431.3203125,
    112756.7109375,
    113093.578125,
    113249.1171875,
    113367.6484375,
    113391.078125,
    113146.6015625,
    112831.4296875,
    112624.15625,
    112015.171875,
    111476.625,
    110976.6640625,
    110756.46875,
    110788.65625,
    110773.9375,
    110925.9140625,
    111502.203125,
    112228.78125,
    113119.578125,
    113992.375,
    114917.6015625,
    115878.984375,
    116448.5390625,
    116992.1171875,
    117314.2265625,
    116677.1484375,
    115773.0234375,
    115275.5390625,
    114755.7109375,
    114093.21875,
    113317.125,
    112416.3984375,
    111389.875,
    110454.0390625,
    109692.0234375,
    109238.4296875,
    108665.875,
    108218.7890625,
    108078.8125,
    108064.9453125,
    108181.1328125,
    108646.078125,
    109065.8046875,
    109335.9609375,
    109414.3515625,
    109402.921875,
    109353.5859375,
    109303.3359375,
    109223.015625,
    108848.7265625,
    107857.59375,
    107168.5625,
    106385.6484375,
    105778.2578125,
    105127.296875,
    104953.921875,
    104913.84375,
    104602.1875,
    104243.9609375,
    103601.25,
    102631.3046875,
    101725.671875,
    100841.1328125,
    99769.359375,
    98775.359375,
    97910.3515625,
    96695.765625,
    95357.5078125,
    94196.25,
    93306.375,
    92694.2109375,
    92159.1328125,
    92025.9609375,
    92007.2421875,
    92092.6328125,
    92208.578125,
    91972.6171875,
    91669.40625,
    91836.765625,
    92172.1328125,
    92417.6875,
    92350.015625,
    92284.9921875,
    92313.7578125,
    92313.984375,
    92543.75,
    92628.765625,
    92774.7109375,
    92749.390625,
    92732.234375,
    92554.0625,
    92112.7109375,
    91844.828125,
    91409.2109375,
    90929.890625,
    90725.1328125,
    90590.5859375,
    90565.3203125,
    90507.4609375,
    90378.4375,
    90248.5625,
    90068.3984375
  ],